role,service,city,lastmod
seo-specialist,,new-york,2025-12-28
seo-specialist,,los-angeles,2025-12-28
seo-specialist,,chicago,2025-12-28
seo-specialist,,houston,2025-12-28
seo-specialist,,phoenix,2025-12-28
seo-specialist,,philadelphia,2025-12-28
seo-specialist,,san-antonio,2025-12-28
seo-specialist,,san-diego,2025-12-28
seo-specialist,,dallas,2025-12-28
seo-specialist,,san-jose,2025-12-28
seo-specialist,,austin,2025-12-28
seo-specialist,,jacksonville,2025-12-28
seo-specialist,,fort-worth,2025-12-28
seo-specialist,,columbus,2025-12-28
seo-specialist,,charlotte,2025-12-28
seo-specialist,,san-francisco,2025-12-28
seo-specialist,,indianapolis,2025-12-28
seo-specialist,,seattle,2025-12-28
seo-specialist,,denver,2025-12-28
seo-specialist,,washington,2025-12-28
seo-specialist,,boston,2025-12-28
seo-specialist,,el-paso,2025-12-28
seo-specialist,,nashville,2025-12-28
seo-specialist,,detroit,2025-12-28
seo-specialist,,oklahoma-city,2025-12-28
seo-specialist,,portland,2025-12-28
seo-specialist,,las-vegas,2025-12-28
seo-specialist,,memphis,2025-12-28
seo-specialist,,louisville,2025-12-28
seo-specialist,,baltimore,2025-12-28
seo-specialist,,milwaukee,2025-12-28
seo-specialist,,albuquerque,2025-12-28
seo-specialist,,tucson,2025-12-28
seo-specialist,,fresno,2025-12-28
seo-specialist,,sacramento,2025-12-28
seo-specialist,,mesa,2025-12-28
seo-specialist,,kansas-city,2025-12-28
seo-specialist,,atlanta,2025-12-28
seo-specialist,,long-beach,2025-12-28
seo-specialist,,colorado-springs,2025-12-28
seo-specialist,,raleigh,2025-12-28
seo-specialist,,miami,2025-12-28
seo-specialist,,virginia-beach,2025-12-28
seo-specialist,,omaha,2025-12-28
seo-specialist,,oakland,2025-12-28
seo-specialist,,minneapolis,2025-12-28
seo-specialist,,tulsa,2025-12-28
seo-specialist,,arlington,2025-12-28
seo-specialist,,tampa,2025-12-28
seo-specialist,,new-orleans,2025-12-28
seo-specialist,,london,2025-12-28
seo-specialist,,birmingham,2025-12-28
seo-specialist,,manchester,2025-12-28
seo-specialist,,glasgow,2025-12-28
seo-specialist,,liverpool,2025-12-28
seo-specialist,,leeds,2025-12-28
seo-specialist,,sheffield,2025-12-28
seo-specialist,,edinburgh,2025-12-28
seo-specialist,,bristol,2025-12-28
seo-specialist,,cardiff,2025-12-28
seo-specialist,,belfast,2025-12-28
seo-specialist,,newcastle,2025-12-28
seo-specialist,,nottingham,2025-12-28
seo-specialist,,southampton,2025-12-28
seo-specialist,,plymouth,2025-12-28
seo-specialist,,leicester,2025-12-28
seo-specialist,,coventry,2025-12-28
seo-specialist,,hull,2025-12-28
seo-specialist,,stoke-on-trent,2025-12-28
seo-specialist,,wolverhampton,2025-12-28
seo-specialist,,derby,2025-12-28
seo-specialist,,swansea,2025-12-28
seo-specialist,,southampton,2025-12-28
seo-specialist,,southend-on-sea,2025-12-28
seo-specialist,,middlesbrough,2025-12-28
seo-specialist,,peterborough,2025-12-28
seo-specialist,,stockport,2025-12-28
seo-specialist,,brighton,2025-12-28
seo-specialist,,west-bromwich,2025-12-28
seo-specialist,,blackpool,2025-12-28
seo-specialist,,northampton,2025-12-28
seo-specialist,,norwich,2025-12-28
seo-specialist,,oldham,2025-12-28
seo-specialist,,huddersfield,2025-12-28
seo-specialist,,southport,2025-12-28
seo-specialist,,burnley,2025-12-28
seo-specialist,,seoul,2025-12-28
seo-specialist,,busan,2025-12-28
seo-specialist,,incheon,2025-12-28
seo-specialist,,daegu,2025-12-28
seo-specialist,,daejeon,2025-12-28
seo-specialist,,gwangju,2025-12-28
seo-specialist,,ulsan,2025-12-28
seo-specialist,,sejong,2025-12-28
seo-specialist,,suwon,2025-12-28
seo-specialist,,yongin,2025-12-28
seo-specialist,,changwon,2025-12-28
seo-specialist,,goyang,2025-12-28
seo-specialist,,seongnam,2025-12-28
seo-specialist,,bucheon,2025-12-28
seo-specialist,,ansan,2025-12-28
seo-specialist,,anyang,2025-12-28
seo-specialist,,namyangju,2025-12-28
seo-specialist,,hwasong,2025-12-28
seo-specialist,,cheongju,2025-12-28
seo-specialist,,jeonju,2025-12-28
seo-specialist,,cheonan,2025-12-28
seo-specialist,,gimhae,2025-12-28
seo-specialist,,jinju,2025-12-28
seo-specialist,,jeju,2025-12-28
seo-specialist,,toronto,2025-12-28
seo-specialist,,montreal,2025-12-28
seo-specialist,,vancouver,2025-12-28
seo-specialist,,calgary,2025-12-28
seo-specialist,,ottawa,2025-12-28
seo-specialist,,edmonton,2025-12-28
seo-specialist,,winnipeg,2025-12-28
seo-specialist,,quebec-city,2025-12-28
seo-specialist,,hamilton,2025-12-28
seo-specialist,,kitchener,2025-12-28
seo-specialist,,london,2025-12-28
seo-specialist,,victoria,2025-12-28
seo-specialist,,halifax,2025-12-28
seo-specialist,,oshawa,2025-12-28
seo-specialist,,windsor,2025-12-28
seo-specialist,,saskatoon,2025-12-28
seo-specialist,,regina,2025-12-28
seo-specialist,,sherbrooke,2025-12-28
seo-specialist,,barrie,2025-12-28
seo-specialist,,kelowna,2025-12-28
seo-specialist,,abbotsford,2025-12-28
seo-specialist,,sudbury,2025-12-28
seo-specialist,,kingston,2025-12-28
seo-specialist,,saguenay,2025-12-28
seo-specialist,,trois-rivieres,2025-12-28
seo-specialist,,guelph,2025-12-28
seo-specialist,,cambridge,2025-12-28
seo-specialist,,whitehorse,2025-12-28
seo-specialist,,yellowknife,2025-12-28
seo-specialist,,iqaluit,2025-12-28
seo-specialist,,singapore,2025-12-28
seo-specialist,,tokyo,2025-12-28
seo-specialist,,osaka,2025-12-28
seo-specialist,,nagoya,2025-12-28
seo-specialist,,sapporo,2025-12-28
seo-specialist,,fukuoka,2025-12-28
seo-specialist,,kobe,2025-12-28
seo-specialist,,kyoto,2025-12-28
seo-specialist,,yokohama,2025-12-28
seo-specialist,,sendai,2025-12-28
seo-specialist,,hiroshima,2025-12-28
seo-specialist,,kitakyushu,2025-12-28
seo-specialist,,kawasaki,2025-12-28
seo-specialist,,saitama,2025-12-28
seo-specialist,,niigata,2025-12-28
seo-specialist,,hamamatsu,2025-12-28
seo-specialist,,okayama,2025-12-28
seo-specialist,,kumamoto,2025-12-28
seo-specialist,,shizuoka,2025-12-28
seo-specialist,,sagamihara,2025-12-28
seo-specialist,,kagoshima,2025-12-28
seo-specialist,,funabashi,2025-12-28
seo-specialist,,nishinomiya,2025-12-28
seo-specialist,,toyonaka,2025-12-28
seo-specialist,,ichikawa,2025-12-28
seo-specialist,,asahikawa,2025-12-28
seo-specialist,,takamatsu,2025-12-28
seo-specialist,,matsuyama,2025-12-28
seo-specialist,,nara,2025-12-28
seo-specialist,,kurashiki,2025-12-28
seo-specialist,,otsu,2025-12-28
seo-specialist,,akita,2025-12-28
seo-specialist,,morioka,2025-12-28
seo-specialist,,yamagata,2025-12-28
seo-specialist,,fukushima,2025-12-28
seo-specialist,,mito,2025-12-28
seo-specialist,,utsunomiya,2025-12-28
seo-specialist,,maebashi,2025-12-28
seo-specialist,,kumagaya,2025-12-28
seo-specialist,,kawagoe,2025-12-28
seo-specialist,,koshigaya,2025-12-28
seo-specialist,,soka,2025-12-28
seo-specialist,,kasukabe,2025-12-28
seo-specialist,,sayama,2025-12-28
seo-specialist,,kumagaya,2025-12-28
seo-specialist,,kawaguchi,2025-12-28
seo-specialist,,warabi,2025-12-28
seo-specialist,,toda,2025-12-28
seo-specialist,,iruma,2025-12-28
seo-specialist,,asaka,2025-12-28
seo-specialist,,wako,2025-12-28
seo-specialist,,niiza,2025-12-28
seo-specialist,,okegawa,2025-12-28
seo-specialist,,kuki,2025-12-28
seo-specialist,,kitamoto,2025-12-28
seo-specialist,,yashio,2025-12-28
seo-specialist,,fujimi,2025-12-28
seo-specialist,,miyashiro,2025-12-28
seo-specialist,,hasuda,2025-12-28
seo-specialist,,sakado,2025-12-28
seo-specialist,,honjo,2025-12-28
seo-specialist,,kounosu,2025-12-28
seo-specialist,,fukaya,2025-12-28
seo-specialist,,ageo,2025-12-28
seo-specialist,,souka,2025-12-28
seo-specialist,,kazo,2025-12-28
seo-specialist,,kumagaya,2025-12-28
seo-specialist,,higashimatsuyama,2025-12-28
schema-engineer,,new-york,2025-12-28
schema-engineer,,los-angeles,2025-12-28
schema-engineer,,chicago,2025-12-28
schema-engineer,,houston,2025-12-28
schema-engineer,,phoenix,2025-12-28
schema-engineer,,philadelphia,2025-12-28
schema-engineer,,san-antonio,2025-12-28
schema-engineer,,san-diego,2025-12-28
schema-engineer,,dallas,2025-12-28
schema-engineer,,san-jose,2025-12-28
schema-engineer,,austin,2025-12-28
schema-engineer,,jacksonville,2025-12-28
schema-engineer,,fort-worth,2025-12-28
schema-engineer,,columbus,2025-12-28
schema-engineer,,charlotte,2025-12-28
schema-engineer,,san-francisco,2025-12-28
schema-engineer,,indianapolis,2025-12-28
schema-engineer,,seattle,2025-12-28
schema-engineer,,denver,2025-12-28
schema-engineer,,washington,2025-12-28
schema-engineer,,boston,2025-12-28
schema-engineer,,el-paso,2025-12-28
schema-engineer,,nashville,2025-12-28
schema-engineer,,detroit,2025-12-28
schema-engineer,,oklahoma-city,2025-12-28
schema-engineer,,portland,2025-12-28
schema-engineer,,las-vegas,2025-12-28
schema-engineer,,memphis,2025-12-28
schema-engineer,,louisville,2025-12-28
schema-engineer,,baltimore,2025-12-28
schema-engineer,,milwaukee,2025-12-28
schema-engineer,,albuquerque,2025-12-28
schema-engineer,,tucson,2025-12-28
schema-engineer,,fresno,2025-12-28
schema-engineer,,sacramento,2025-12-28
schema-engineer,,mesa,2025-12-28
schema-engineer,,kansas-city,2025-12-28
schema-engineer,,atlanta,2025-12-28
schema-engineer,,long-beach,2025-12-28
schema-engineer,,colorado-springs,2025-12-28
schema-engineer,,raleigh,2025-12-28
schema-engineer,,miami,2025-12-28
schema-engineer,,virginia-beach,2025-12-28
schema-engineer,,omaha,2025-12-28
schema-engineer,,oakland,2025-12-28
schema-engineer,,minneapolis,2025-12-28
schema-engineer,,tulsa,2025-12-28
schema-engineer,,arlington,2025-12-28
schema-engineer,,tampa,2025-12-28
schema-engineer,,new-orleans,2025-12-28
schema-engineer,,london,2025-12-28
schema-engineer,,birmingham,2025-12-28
schema-engineer,,manchester,2025-12-28
schema-engineer,,glasgow,2025-12-28
schema-engineer,,liverpool,2025-12-28
schema-engineer,,leeds,2025-12-28
schema-engineer,,sheffield,2025-12-28
schema-engineer,,edinburgh,2025-12-28
schema-engineer,,bristol,2025-12-28
schema-engineer,,cardiff,2025-12-28
schema-engineer,,belfast,2025-12-28
schema-engineer,,newcastle,2025-12-28
schema-engineer,,nottingham,2025-12-28
schema-engineer,,southampton,2025-12-28
schema-engineer,,plymouth,2025-12-28
schema-engineer,,leicester,2025-12-28
schema-engineer,,coventry,2025-12-28
schema-engineer,,hull,2025-12-28
schema-engineer,,stoke-on-trent,2025-12-28
schema-engineer,,wolverhampton,2025-12-28
schema-engineer,,derby,2025-12-28
schema-engineer,,swansea,2025-12-28
schema-engineer,,southampton,2025-12-28
schema-engineer,,southend-on-sea,2025-12-28
schema-engineer,,middlesbrough,2025-12-28
schema-engineer,,peterborough,2025-12-28
schema-engineer,,stockport,2025-12-28
schema-engineer,,brighton,2025-12-28
schema-engineer,,west-bromwich,2025-12-28
schema-engineer,,blackpool,2025-12-28
schema-engineer,,northampton,2025-12-28
schema-engineer,,norwich,2025-12-28
schema-engineer,,oldham,2025-12-28
schema-engineer,,huddersfield,2025-12-28
schema-engineer,,southport,2025-12-28
schema-engineer,,burnley,2025-12-28
schema-engineer,,seoul,2025-12-28
schema-engineer,,busan,2025-12-28
schema-engineer,,incheon,2025-12-28
schema-engineer,,daegu,2025-12-28
schema-engineer,,daejeon,2025-12-28
schema-engineer,,gwangju,2025-12-28
schema-engineer,,ulsan,2025-12-28
schema-engineer,,sejong,2025-12-28
schema-engineer,,suwon,2025-12-28
schema-engineer,,yongin,2025-12-28
schema-engineer,,changwon,2025-12-28
schema-engineer,,goyang,2025-12-28
schema-engineer,,seongnam,2025-12-28
schema-engineer,,bucheon,2025-12-28
schema-engineer,,ansan,2025-12-28
schema-engineer,,anyang,2025-12-28
schema-engineer,,namyangju,2025-12-28
schema-engineer,,hwasong,2025-12-28
schema-engineer,,cheongju,2025-12-28
schema-engineer,,jeonju,2025-12-28
schema-engineer,,cheonan,2025-12-28
schema-engineer,,gimhae,2025-12-28
schema-engineer,,jinju,2025-12-28
schema-engineer,,jeju,2025-12-28
schema-engineer,,toronto,2025-12-28
schema-engineer,,montreal,2025-12-28
schema-engineer,,vancouver,2025-12-28
schema-engineer,,calgary,2025-12-28
schema-engineer,,ottawa,2025-12-28
schema-engineer,,edmonton,2025-12-28
schema-engineer,,winnipeg,2025-12-28
schema-engineer,,quebec-city,2025-12-28
schema-engineer,,hamilton,2025-12-28
schema-engineer,,kitchener,2025-12-28
schema-engineer,,london,2025-12-28
schema-engineer,,victoria,2025-12-28
schema-engineer,,halifax,2025-12-28
schema-engineer,,oshawa,2025-12-28
schema-engineer,,windsor,2025-12-28
schema-engineer,,saskatoon,2025-12-28
schema-engineer,,regina,2025-12-28
schema-engineer,,sherbrooke,2025-12-28
schema-engineer,,barrie,2025-12-28
schema-engineer,,kelowna,2025-12-28
schema-engineer,,abbotsford,2025-12-28
schema-engineer,,sudbury,2025-12-28
schema-engineer,,kingston,2025-12-28
schema-engineer,,saguenay,2025-12-28
schema-engineer,,trois-rivieres,2025-12-28
schema-engineer,,guelph,2025-12-28
schema-engineer,,cambridge,2025-12-28
schema-engineer,,whitehorse,2025-12-28
schema-engineer,,yellowknife,2025-12-28
schema-engineer,,iqaluit,2025-12-28
schema-engineer,,singapore,2025-12-28
schema-engineer,,tokyo,2025-12-28
schema-engineer,,osaka,2025-12-28
schema-engineer,,nagoya,2025-12-28
schema-engineer,,sapporo,2025-12-28
schema-engineer,,fukuoka,2025-12-28
schema-engineer,,kobe,2025-12-28
schema-engineer,,kyoto,2025-12-28
schema-engineer,,yokohama,2025-12-28
schema-engineer,,sendai,2025-12-28
schema-engineer,,hiroshima,2025-12-28
schema-engineer,,kitakyushu,2025-12-28
schema-engineer,,kawasaki,2025-12-28
schema-engineer,,saitama,2025-12-28
schema-engineer,,niigata,2025-12-28
schema-engineer,,hamamatsu,2025-12-28
schema-engineer,,okayama,2025-12-28
schema-engineer,,kumamoto,2025-12-28
schema-engineer,,shizuoka,2025-12-28
schema-engineer,,sagamihara,2025-12-28
schema-engineer,,kagoshima,2025-12-28
schema-engineer,,funabashi,2025-12-28
schema-engineer,,nishinomiya,2025-12-28
schema-engineer,,toyonaka,2025-12-28
schema-engineer,,ichikawa,2025-12-28
schema-engineer,,asahikawa,2025-12-28
schema-engineer,,takamatsu,2025-12-28
schema-engineer,,matsuyama,2025-12-28
schema-engineer,,nara,2025-12-28
schema-engineer,,kurashiki,2025-12-28
schema-engineer,,otsu,2025-12-28
schema-engineer,,akita,2025-12-28
schema-engineer,,morioka,2025-12-28
schema-engineer,,yamagata,2025-12-28
schema-engineer,,fukushima,2025-12-28
schema-engineer,,mito,2025-12-28
schema-engineer,,utsunomiya,2025-12-28
schema-engineer,,maebashi,2025-12-28
schema-engineer,,kumagaya,2025-12-28
schema-engineer,,kawagoe,2025-12-28
schema-engineer,,koshigaya,2025-12-28
schema-engineer,,soka,2025-12-28
schema-engineer,,kasukabe,2025-12-28
schema-engineer,,sayama,2025-12-28
schema-engineer,,kumagaya,2025-12-28
schema-engineer,,kawaguchi,2025-12-28
schema-engineer,,warabi,2025-12-28
schema-engineer,,toda,2025-12-28
schema-engineer,,iruma,2025-12-28
schema-engineer,,asaka,2025-12-28
schema-engineer,,wako,2025-12-28
schema-engineer,,niiza,2025-12-28
schema-engineer,,okegawa,2025-12-28
schema-engineer,,kuki,2025-12-28
schema-engineer,,kitamoto,2025-12-28
schema-engineer,,yashio,2025-12-28
schema-engineer,,fujimi,2025-12-28
schema-engineer,,miyashiro,2025-12-28
schema-engineer,,hasuda,2025-12-28
schema-engineer,,sakado,2025-12-28
schema-engineer,,honjo,2025-12-28
schema-engineer,,kounosu,2025-12-28
schema-engineer,,fukaya,2025-12-28
schema-engineer,,ageo,2025-12-28
schema-engineer,,souka,2025-12-28
schema-engineer,,kazo,2025-12-28
schema-engineer,,kumagaya,2025-12-28
schema-engineer,,higashimatsuyama,2025-12-28
llm-strategist,,new-york,2025-12-28
llm-strategist,,los-angeles,2025-12-28
llm-strategist,,chicago,2025-12-28
llm-strategist,,houston,2025-12-28
llm-strategist,,phoenix,2025-12-28
llm-strategist,,philadelphia,2025-12-28
llm-strategist,,san-antonio,2025-12-28
llm-strategist,,san-diego,2025-12-28
llm-strategist,,dallas,2025-12-28
llm-strategist,,san-jose,2025-12-28
llm-strategist,,austin,2025-12-28
llm-strategist,,jacksonville,2025-12-28
llm-strategist,,fort-worth,2025-12-28
llm-strategist,,columbus,2025-12-28
llm-strategist,,charlotte,2025-12-28
llm-strategist,,san-francisco,2025-12-28
llm-strategist,,indianapolis,2025-12-28
llm-strategist,,seattle,2025-12-28
llm-strategist,,denver,2025-12-28
llm-strategist,,washington,2025-12-28
llm-strategist,,boston,2025-12-28
llm-strategist,,el-paso,2025-12-28
llm-strategist,,nashville,2025-12-28
llm-strategist,,detroit,2025-12-28
llm-strategist,,oklahoma-city,2025-12-28
llm-strategist,,portland,2025-12-28
llm-strategist,,las-vegas,2025-12-28
llm-strategist,,memphis,2025-12-28
llm-strategist,,louisville,2025-12-28
llm-strategist,,baltimore,2025-12-28
llm-strategist,,milwaukee,2025-12-28
llm-strategist,,albuquerque,2025-12-28
llm-strategist,,tucson,2025-12-28
llm-strategist,,fresno,2025-12-28
llm-strategist,,sacramento,2025-12-28
llm-strategist,,mesa,2025-12-28
llm-strategist,,kansas-city,2025-12-28
llm-strategist,,atlanta,2025-12-28
llm-strategist,,long-beach,2025-12-28
llm-strategist,,colorado-springs,2025-12-28
llm-strategist,,raleigh,2025-12-28
llm-strategist,,miami,2025-12-28
llm-strategist,,virginia-beach,2025-12-28
llm-strategist,,omaha,2025-12-28
llm-strategist,,oakland,2025-12-28
llm-strategist,,minneapolis,2025-12-28
llm-strategist,,tulsa,2025-12-28
llm-strategist,,arlington,2025-12-28
llm-strategist,,tampa,2025-12-28
llm-strategist,,new-orleans,2025-12-28
llm-strategist,,london,2025-12-28
llm-strategist,,birmingham,2025-12-28
llm-strategist,,manchester,2025-12-28
llm-strategist,,glasgow,2025-12-28
llm-strategist,,liverpool,2025-12-28
llm-strategist,,leeds,2025-12-28
llm-strategist,,sheffield,2025-12-28
llm-strategist,,edinburgh,2025-12-28
llm-strategist,,bristol,2025-12-28
llm-strategist,,cardiff,2025-12-28
llm-strategist,,belfast,2025-12-28
llm-strategist,,newcastle,2025-12-28
llm-strategist,,nottingham,2025-12-28
llm-strategist,,southampton,2025-12-28
llm-strategist,,plymouth,2025-12-28
llm-strategist,,leicester,2025-12-28
llm-strategist,,coventry,2025-12-28
llm-strategist,,hull,2025-12-28
llm-strategist,,stoke-on-trent,2025-12-28
llm-strategist,,wolverhampton,2025-12-28
llm-strategist,,derby,2025-12-28
llm-strategist,,swansea,2025-12-28
llm-strategist,,southampton,2025-12-28
llm-strategist,,southend-on-sea,2025-12-28
llm-strategist,,middlesbrough,2025-12-28
llm-strategist,,peterborough,2025-12-28
llm-strategist,,stockport,2025-12-28
llm-strategist,,brighton,2025-12-28
llm-strategist,,west-bromwich,2025-12-28
llm-strategist,,blackpool,2025-12-28
llm-strategist,,northampton,2025-12-28
llm-strategist,,norwich,2025-12-28
llm-strategist,,oldham,2025-12-28
llm-strategist,,huddersfield,2025-12-28
llm-strategist,,southport,2025-12-28
llm-strategist,,burnley,2025-12-28
llm-strategist,,seoul,2025-12-28
llm-strategist,,busan,2025-12-28
llm-strategist,,incheon,2025-12-28
llm-strategist,,daegu,2025-12-28
llm-strategist,,daejeon,2025-12-28
llm-strategist,,gwangju,2025-12-28
llm-strategist,,ulsan,2025-12-28
llm-strategist,,sejong,2025-12-28
llm-strategist,,suwon,2025-12-28
llm-strategist,,yongin,2025-12-28
llm-strategist,,changwon,2025-12-28
llm-strategist,,goyang,2025-12-28
llm-strategist,,seongnam,2025-12-28
llm-strategist,,bucheon,2025-12-28
llm-strategist,,ansan,2025-12-28
llm-strategist,,anyang,2025-12-28
llm-strategist,,namyangju,2025-12-28
llm-strategist,,hwasong,2025-12-28
llm-strategist,,cheongju,2025-12-28
llm-strategist,,jeonju,2025-12-28
llm-strategist,,cheonan,2025-12-28
llm-strategist,,gimhae,2025-12-28
llm-strategist,,jinju,2025-12-28
llm-strategist,,jeju,2025-12-28
llm-strategist,,toronto,2025-12-28
llm-strategist,,montreal,2025-12-28
llm-strategist,,vancouver,2025-12-28
llm-strategist,,calgary,2025-12-28
llm-strategist,,ottawa,2025-12-28
llm-strategist,,edmonton,2025-12-28
llm-strategist,,winnipeg,2025-12-28
llm-strategist,,quebec-city,2025-12-28
llm-strategist,,hamilton,2025-12-28
llm-strategist,,kitchener,2025-12-28
llm-strategist,,london,2025-12-28
llm-strategist,,victoria,2025-12-28
llm-strategist,,halifax,2025-12-28
llm-strategist,,oshawa,2025-12-28
llm-strategist,,windsor,2025-12-28
llm-strategist,,saskatoon,2025-12-28
llm-strategist,,regina,2025-12-28
llm-strategist,,sherbrooke,2025-12-28
llm-strategist,,barrie,2025-12-28
llm-strategist,,kelowna,2025-12-28
llm-strategist,,abbotsford,2025-12-28
llm-strategist,,sudbury,2025-12-28
llm-strategist,,kingston,2025-12-28
llm-strategist,,saguenay,2025-12-28
llm-strategist,,trois-rivieres,2025-12-28
llm-strategist,,guelph,2025-12-28
llm-strategist,,cambridge,2025-12-28
llm-strategist,,whitehorse,2025-12-28
llm-strategist,,yellowknife,2025-12-28
llm-strategist,,iqaluit,2025-12-28
llm-strategist,,singapore,2025-12-28
llm-strategist,,tokyo,2025-12-28
llm-strategist,,osaka,2025-12-28
llm-strategist,,nagoya,2025-12-28
llm-strategist,,sapporo,2025-12-28
llm-strategist,,fukuoka,2025-12-28
llm-strategist,,kobe,2025-12-28
llm-strategist,,kyoto,2025-12-28
llm-strategist,,yokohama,2025-12-28
llm-strategist,,sendai,2025-12-28
llm-strategist,,hiroshima,2025-12-28
llm-strategist,,kitakyushu,2025-12-28
llm-strategist,,kawasaki,2025-12-28
llm-strategist,,saitama,2025-12-28
llm-strategist,,niigata,2025-12-28
llm-strategist,,hamamatsu,2025-12-28
llm-strategist,,okayama,2025-12-28
llm-strategist,,kumamoto,2025-12-28
llm-strategist,,shizuoka,2025-12-28
llm-strategist,,sagamihara,2025-12-28
llm-strategist,,kagoshima,2025-12-28
llm-strategist,,funabashi,2025-12-28
llm-strategist,,nishinomiya,2025-12-28
llm-strategist,,toyonaka,2025-12-28
llm-strategist,,ichikawa,2025-12-28
llm-strategist,,asahikawa,2025-12-28
llm-strategist,,takamatsu,2025-12-28
llm-strategist,,matsuyama,2025-12-28
llm-strategist,,nara,2025-12-28
llm-strategist,,kurashiki,2025-12-28
llm-strategist,,otsu,2025-12-28
llm-strategist,,akita,2025-12-28
llm-strategist,,morioka,2025-12-28
llm-strategist,,yamagata,2025-12-28
llm-strategist,,fukushima,2025-12-28
llm-strategist,,mito,2025-12-28
llm-strategist,,utsunomiya,2025-12-28
llm-strategist,,maebashi,2025-12-28
llm-strategist,,kumagaya,2025-12-28
llm-strategist,,kawagoe,2025-12-28
llm-strategist,,koshigaya,2025-12-28
llm-strategist,,soka,2025-12-28
llm-strategist,,kasukabe,2025-12-28
llm-strategist,,sayama,2025-12-28
llm-strategist,,kumagaya,2025-12-28
llm-strategist,,kawaguchi,2025-12-28
llm-strategist,,warabi,2025-12-28
llm-strategist,,toda,2025-12-28
llm-strategist,,iruma,2025-12-28
llm-strategist,,asaka,2025-12-28
llm-strategist,,wako,2025-12-28
llm-strategist,,niiza,2025-12-28
llm-strategist,,okegawa,2025-12-28
llm-strategist,,kuki,2025-12-28
llm-strategist,,kitamoto,2025-12-28
llm-strategist,,yashio,2025-12-28
llm-strategist,,fujimi,2025-12-28
llm-strategist,,miyashiro,2025-12-28
llm-strategist,,hasuda,2025-12-28
llm-strategist,,sakado,2025-12-28
llm-strategist,,honjo,2025-12-28
llm-strategist,,kounosu,2025-12-28
llm-strategist,,fukaya,2025-12-28
llm-strategist,,ageo,2025-12-28
llm-strategist,,souka,2025-12-28
llm-strategist,,kazo,2025-12-28
llm-strategist,,kumagaya,2025-12-28
llm-strategist,,higashimatsuyama,2025-12-28
technical-writer,,new-york,2025-12-28
technical-writer,,los-angeles,2025-12-28
technical-writer,,chicago,2025-12-28
technical-writer,,houston,2025-12-28
technical-writer,,phoenix,2025-12-28
technical-writer,,philadelphia,2025-12-28
technical-writer,,san-antonio,2025-12-28
technical-writer,,san-diego,2025-12-28
technical-writer,,dallas,2025-12-28
technical-writer,,san-jose,2025-12-28
technical-writer,,austin,2025-12-28
technical-writer,,jacksonville,2025-12-28
technical-writer,,fort-worth,2025-12-28
technical-writer,,columbus,2025-12-28
technical-writer,,charlotte,2025-12-28
technical-writer,,san-francisco,2025-12-28
technical-writer,,indianapolis,2025-12-28
technical-writer,,seattle,2025-12-28
technical-writer,,denver,2025-12-28
technical-writer,,washington,2025-12-28
technical-writer,,boston,2025-12-28
technical-writer,,el-paso,2025-12-28
technical-writer,,nashville,2025-12-28
technical-writer,,detroit,2025-12-28
technical-writer,,oklahoma-city,2025-12-28
technical-writer,,portland,2025-12-28
technical-writer,,las-vegas,2025-12-28
technical-writer,,memphis,2025-12-28
technical-writer,,louisville,2025-12-28
technical-writer,,baltimore,2025-12-28
technical-writer,,milwaukee,2025-12-28
technical-writer,,albuquerque,2025-12-28
technical-writer,,tucson,2025-12-28
technical-writer,,fresno,2025-12-28
technical-writer,,sacramento,2025-12-28
technical-writer,,mesa,2025-12-28
technical-writer,,kansas-city,2025-12-28
technical-writer,,atlanta,2025-12-28
technical-writer,,long-beach,2025-12-28
technical-writer,,colorado-springs,2025-12-28
technical-writer,,raleigh,2025-12-28
technical-writer,,miami,2025-12-28
technical-writer,,virginia-beach,2025-12-28
technical-writer,,omaha,2025-12-28
technical-writer,,oakland,2025-12-28
technical-writer,,minneapolis,2025-12-28
technical-writer,,tulsa,2025-12-28
technical-writer,,arlington,2025-12-28
technical-writer,,tampa,2025-12-28
technical-writer,,new-orleans,2025-12-28
technical-writer,,london,2025-12-28
technical-writer,,birmingham,2025-12-28
technical-writer,,manchester,2025-12-28
technical-writer,,glasgow,2025-12-28
technical-writer,,liverpool,2025-12-28
technical-writer,,leeds,2025-12-28
technical-writer,,sheffield,2025-12-28
technical-writer,,edinburgh,2025-12-28
technical-writer,,bristol,2025-12-28
technical-writer,,cardiff,2025-12-28
technical-writer,,belfast,2025-12-28
technical-writer,,newcastle,2025-12-28
technical-writer,,nottingham,2025-12-28
technical-writer,,southampton,2025-12-28
technical-writer,,plymouth,2025-12-28
technical-writer,,leicester,2025-12-28
technical-writer,,coventry,2025-12-28
technical-writer,,hull,2025-12-28
technical-writer,,stoke-on-trent,2025-12-28
technical-writer,,wolverhampton,2025-12-28
technical-writer,,derby,2025-12-28
technical-writer,,swansea,2025-12-28
technical-writer,,southampton,2025-12-28
technical-writer,,southend-on-sea,2025-12-28
technical-writer,,middlesbrough,2025-12-28
technical-writer,,peterborough,2025-12-28
technical-writer,,stockport,2025-12-28
technical-writer,,brighton,2025-12-28
technical-writer,,west-bromwich,2025-12-28
technical-writer,,blackpool,2025-12-28
technical-writer,,northampton,2025-12-28
technical-writer,,norwich,2025-12-28
technical-writer,,oldham,2025-12-28
technical-writer,,huddersfield,2025-12-28
technical-writer,,southport,2025-12-28
technical-writer,,burnley,2025-12-28
technical-writer,,seoul,2025-12-28
technical-writer,,busan,2025-12-28
technical-writer,,incheon,2025-12-28
technical-writer,,daegu,2025-12-28
technical-writer,,daejeon,2025-12-28
technical-writer,,gwangju,2025-12-28
technical-writer,,ulsan,2025-12-28
technical-writer,,sejong,2025-12-28
technical-writer,,suwon,2025-12-28
technical-writer,,yongin,2025-12-28
technical-writer,,changwon,2025-12-28
technical-writer,,goyang,2025-12-28
technical-writer,,seongnam,2025-12-28
technical-writer,,bucheon,2025-12-28
technical-writer,,ansan,2025-12-28
technical-writer,,anyang,2025-12-28
technical-writer,,namyangju,2025-12-28
technical-writer,,hwasong,2025-12-28
technical-writer,,cheongju,2025-12-28
technical-writer,,jeonju,2025-12-28
technical-writer,,cheonan,2025-12-28
technical-writer,,gimhae,2025-12-28
technical-writer,,jinju,2025-12-28
technical-writer,,jeju,2025-12-28
technical-writer,,toronto,2025-12-28
technical-writer,,montreal,2025-12-28
technical-writer,,vancouver,2025-12-28
technical-writer,,calgary,2025-12-28
technical-writer,,ottawa,2025-12-28
technical-writer,,edmonton,2025-12-28
technical-writer,,winnipeg,2025-12-28
technical-writer,,quebec-city,2025-12-28
technical-writer,,hamilton,2025-12-28
technical-writer,,kitchener,2025-12-28
technical-writer,,london,2025-12-28
technical-writer,,victoria,2025-12-28
technical-writer,,halifax,2025-12-28
technical-writer,,oshawa,2025-12-28
technical-writer,,windsor,2025-12-28
technical-writer,,saskatoon,2025-12-28
technical-writer,,regina,2025-12-28
technical-writer,,sherbrooke,2025-12-28
technical-writer,,barrie,2025-12-28
technical-writer,,kelowna,2025-12-28
technical-writer,,abbotsford,2025-12-28
technical-writer,,sudbury,2025-12-28
technical-writer,,kingston,2025-12-28
technical-writer,,saguenay,2025-12-28
technical-writer,,trois-rivieres,2025-12-28
technical-writer,,guelph,2025-12-28
technical-writer,,cambridge,2025-12-28
technical-writer,,whitehorse,2025-12-28
technical-writer,,yellowknife,2025-12-28
technical-writer,,iqaluit,2025-12-28
technical-writer,,singapore,2025-12-28
technical-writer,,tokyo,2025-12-28
technical-writer,,osaka,2025-12-28
technical-writer,,nagoya,2025-12-28
technical-writer,,sapporo,2025-12-28
technical-writer,,fukuoka,2025-12-28
technical-writer,,kobe,2025-12-28
technical-writer,,kyoto,2025-12-28
technical-writer,,yokohama,2025-12-28
technical-writer,,sendai,2025-12-28
technical-writer,,hiroshima,2025-12-28
technical-writer,,kitakyushu,2025-12-28
technical-writer,,kawasaki,2025-12-28
technical-writer,,saitama,2025-12-28
technical-writer,,niigata,2025-12-28
technical-writer,,hamamatsu,2025-12-28
technical-writer,,okayama,2025-12-28
technical-writer,,kumamoto,2025-12-28
technical-writer,,shizuoka,2025-12-28
technical-writer,,sagamihara,2025-12-28
technical-writer,,kagoshima,2025-12-28
technical-writer,,funabashi,2025-12-28
technical-writer,,nishinomiya,2025-12-28
technical-writer,,toyonaka,2025-12-28
technical-writer,,ichikawa,2025-12-28
technical-writer,,asahikawa,2025-12-28
technical-writer,,takamatsu,2025-12-28
technical-writer,,matsuyama,2025-12-28
technical-writer,,nara,2025-12-28
technical-writer,,kurashiki,2025-12-28
technical-writer,,otsu,2025-12-28
technical-writer,,akita,2025-12-28
technical-writer,,morioka,2025-12-28
technical-writer,,yamagata,2025-12-28
technical-writer,,fukushima,2025-12-28
technical-writer,,mito,2025-12-28
technical-writer,,utsunomiya,2025-12-28
technical-writer,,maebashi,2025-12-28
technical-writer,,kumagaya,2025-12-28
technical-writer,,kawagoe,2025-12-28
technical-writer,,koshigaya,2025-12-28
technical-writer,,soka,2025-12-28
technical-writer,,kasukabe,2025-12-28
technical-writer,,sayama,2025-12-28
technical-writer,,kumagaya,2025-12-28
technical-writer,,kawaguchi,2025-12-28
technical-writer,,warabi,2025-12-28
technical-writer,,toda,2025-12-28
technical-writer,,iruma,2025-12-28
technical-writer,,asaka,2025-12-28
technical-writer,,wako,2025-12-28
technical-writer,,niiza,2025-12-28
technical-writer,,okegawa,2025-12-28
technical-writer,,kuki,2025-12-28
technical-writer,,kitamoto,2025-12-28
technical-writer,,yashio,2025-12-28
technical-writer,,fujimi,2025-12-28
technical-writer,,miyashiro,2025-12-28
technical-writer,,hasuda,2025-12-28
technical-writer,,sakado,2025-12-28
technical-writer,,honjo,2025-12-28
technical-writer,,kounosu,2025-12-28
technical-writer,,fukaya,2025-12-28
technical-writer,,ageo,2025-12-28
technical-writer,,souka,2025-12-28
technical-writer,,kazo,2025-12-28
technical-writer,,kumagaya,2025-12-28
technical-writer,,higashimatsuyama,2025-12-28
